<?xml version="1.0" encoding="UTF-8"?>
<!DOCTYPE configuration PUBLIC "-//mybatis.org//DTD Config 3.0//EN" 
    "http://mybatis.org/dtd/mybatis-3-config.dtd">
 
<!--  꼭 순서대로 -->    
<configuration>
 
    <!-- DB 프로필 -->
    <properties resource="board/mybatis/db.properties" />
    
    <!-- 알리아스 설정 -->
    <typeAliases>
        <typeAlias alias="BoardDto" type="board.dto.BoardDto"/>
        <typeAlias alias="PageDto" type="board.dto.PageDto" />
    </typeAliases>
    
    <!-- DB 셋팅 -->
    <environments default="development">
        <environment id="development">
            <transactionManager type="JDBC" />
            <dataSource type="POOLED">
                <property name="driver" value="${driver}"/>
                <property name="url" value="${url}"/>
                <property name="username" value="${username}"/>
                <property name="password" value="${password}"/>
            </dataSource>
        </environment>
    </environments>
    
    <!-- SQL -->
    <mappers>
        <mapper resource="board/mybatis/boardMapper.xml"/>
    </mappers>
</configuration>