<?xml version="1.0" encoding="utf-8"?>
<selector xmlns:android="http://schemas.android.com/apk/res/android">
    <item android:state_checked="true">
        <shape>
            <gradient
                android:endColor="#f7c88e"
                android:startColor="#f7c88e"
                android:angle="270" />
            <stroke
                android:width="3dp"
                android:color="#ffffff" />
            <corners
                android:radius="15dp" />
            <padding
                android:left="10dp"
                android:top="10dp"
                android:right="10dp"
                android:bottom="10dp" />
        </shape>
    </item>

    <item >
        <shape>
            <gradient
                android:endColor="#f9e6ce"
                android:startColor="#f9e6ce"
                android:angle="270" />
            <stroke
                android:width="3dp"
                android:color="#ffffff" />
            <corners
                android:radius="15dp" />
            <padding
                android:left="10dp"
                android:top="10dp"
                android:right="10dp"
                android:bottom="10dp" />
        </shape>
    </item>
</selector>