<?xml version="1.0" encoding="UTF-8"?>
<beans xmlns="http://www.springframework.org/schema/beans"
    xmlns:xsi="http://www.w3.org/2001/XMLSchema-instance"
    xsi:schemaLocation="http://www.springframework.org/schema/beans 
                                  http://www.springframework.org/schema/beans/spring-beans.xsd">
 
    <!-- HandlerMapping -->
    
    <bean class="org.springframework.web.servlet.handler.SimpleUrlHandlerMapping">
        <property name="alwaysUseFullPath" value="true" />
        <property name="mappings">
            <props>
                <prop key="/boardList.action">listController</prop>
                <prop key="/boardView.action">viewController</prop>
                <prop key="/boardWrite.action">writeController</prop>
                <prop key="/boardUpdate.action">updateController</prop>
                <prop key="/boardDelete.action">deleteController</prop>
                <prop key="/boardReply.action">replyController</prop>
                <prop key="/boardAjax.action">ajaxController</prop>
            </props>
        </property>
    </bean>
    
</beans>